--Some users
INSERT INTO USER (ID, ENABLED, FIRST_NAME, LAST_NAME, PASSWORD, USERNAME, CREATE_USER_ID, CREATE_DATE) VALUES(1, TRUE, 'Admin', 'Istrator', 'passwd', 'admin', 1, '2016-01-01 00:00:00')
INSERT INTO USER_ROLE (USER_ID, ROLES) VALUES (1, 'ADMIN')
INSERT INTO USER_ROLE (USER_ID, ROLES) VALUES (1, 'PLAYER')
INSERT INTO USER (ID, ENABLED, FIRST_NAME, LAST_NAME, PASSWORD, USERNAME, CREATE_USER_ID, CREATE_DATE) VALUES(2, TRUE, 'Susi', 'Kaufgern', 'passwd', 'user1', 1, '2016-01-01 00:00:00')
INSERT INTO USER_ROLE (USER_ID, ROLES) VALUES (2, 'MANAGER')
INSERT INTO USER_ROLE (USER_ID, ROLES) VALUES (2, 'PLAYER')
INSERT INTO USER (ID, ENABLED, FIRST_NAME, LAST_NAME, PASSWORD, USERNAME, CREATE_USER_ID, CREATE_DATE) VALUES(3, TRUE, 'Max', 'Mustermann', 'passwd', 'user2', 1, '2016-01-01 00:00:00')
INSERT INTO USER_ROLE (USER_ID, ROLES) VALUES (3, 'PLAYER')
INSERT INTO USER (ID, ENABLED, FIRST_NAME, LAST_NAME, PASSWORD, USERNAME, CREATE_USER_ID, CREATE_DATE) VALUES(4, TRUE, 'Elvis', 'The King', 'passwd', 'elvis', 4, '2016-01-01 00:00:00')
INSERT INTO USER_ROLE (USER_ID, ROLES) VALUES (4, 'ADMIN')
INSERT INTO USER_ROLE (USER_ID, ROLES) VALUES (4, 'PLAYER')
INSERT INTO USER (ID, ENABLED, FIRST_NAME, LAST_NAME, PASSWORD, USERNAME, CREATE_USER_ID, CREATE_DATE) VALUES(5, TRUE, 'Michael', 'Sonnerer', 'passwd', 'michael', 1, '2016-01-01 00:00:00')
INSERT INTO USER_ROLE (USER_ID, ROLES) VALUES (5, 'PLAYER')
INSERT INTO USER (ID, ENABLED, FIRST_NAME, LAST_NAME, PASSWORD, USERNAME, CREATE_USER_ID, CREATE_DATE) VALUES(6, TRUE, 'Felix', 'Tschimben', 'passwd', 'felix', 1, '2016-01-01 00:00:00')
INSERT INTO USER_ROLE (USER_ID, ROLES) VALUES (6, 'PLAYER')
INSERT INTO USER (ID, ENABLED, FIRST_NAME, LAST_NAME, PASSWORD, USERNAME, CREATE_USER_ID, CREATE_DATE) VALUES(7, TRUE, 'Lorenz', 'Oberhammer', 'passwd', 'lorenz', 1, '2016-01-01 00:00:00')
INSERT INTO USER_ROLE (USER_ID, ROLES) VALUES (7, 'PLAYER')
INSERT INTO USER (ID, ENABLED, FIRST_NAME, LAST_NAME, PASSWORD, USERNAME, CREATE_USER_ID, CREATE_DATE) VALUES(8, TRUE, 'Verena', 'Fritz', 'passwd', 'verena', 1, '2016-01-01 00:00:00')
INSERT INTO USER_ROLE (USER_ID, ROLES) VALUES (8, 'PLAYER')
INSERT INTO USER (ID, ENABLED, FIRST_NAME, LAST_NAME, PASSWORD, USERNAME, CREATE_USER_ID, CREATE_DATE) VALUES(9, TRUE, 'Claudia', 'Wagner', 'passwd', 'claudia', 1, '2016-01-01 00:00:00')
INSERT INTO USER_ROLE (USER_ID, ROLES) VALUES (9, 'PLAYER')
INSERT INTO USER (ID, ENABLED, FIRST_NAME, LAST_NAME, PASSWORD, USERNAME, CREATE_USER_ID, CREATE_DATE) VALUES(10, TRUE, 'Clemens', 'Ager', 'passwd', 'clemens', 1, '2016-01-01 00:00:00')
INSERT INTO USER_ROLE (USER_ID, ROLES) VALUES (10, 'PLAYER')


--Some Teams
INSERT INTO TEAM(ID, NAME) VALUES (1, 'DIE QUATSCHTÜTENWÜRGER')
INSERT INTO TEAM(ID, NAME) VALUES (2, 'DIE GERECHTIGKEITSLIGA')
INSERT INTO TEAM(ID, NAME) VALUES (3, 'THE FELLOWSHIP OF THE TERM')

--Some Team-User
INSERT INTO TEAM_USER(USER_ID, TEAM_ID) VALUES (5, 1)
INSERT INTO TEAM_USER(USER_ID, TEAM_ID) VALUES (6, 1)
INSERT INTO TEAM_USER(USER_ID, TEAM_ID) VALUES (7, 1)
INSERT INTO TEAM_USER(USER_ID, TEAM_ID) VALUES (8, 2)
INSERT INTO TEAM_USER(USER_ID, TEAM_ID) VALUES (9, 2)
INSERT INTO TEAM_USER(USER_ID, TEAM_ID) VALUES (10, 3)
INSERT INTO TEAM_USER(USER_ID, TEAM_ID) VALUES (6, 3)

--Some topics
INSERT INTO TOPIC(ID, NAME) VALUES (1, 'GEOGRAPHY')
INSERT INTO TOPIC(ID, NAME) VALUES (2, 'MOVIES')
INSERT INTO TOPIC(ID, NAME) VALUES (3, 'STAR WARS')
INSERT INTO TOPIC(ID, NAME) VALUES (4, 'FOOD')

--Some terms
INSERT INTO TERM(ID, NAME, TOPIC) VALUES (1, 'AFRICA', 1)
INSERT INTO TERM(ID, NAME, TOPIC) VALUES (2, 'MOUNTAIN', 1)
INSERT INTO TERM(ID, NAME, TOPIC) VALUES (3, 'LAKE', 1)
INSERT INTO TERM(ID, NAME, TOPIC) VALUES (4, 'THE LORD OF THE RINGS', 2)
INSERT INTO TERM(ID, NAME, TOPIC) VALUES (5, 'MATRIX', 2)
INSERT INTO TERM(ID, NAME, TOPIC) VALUES (6, 'TITANIC', 2)
INSERT INTO TERM(ID, NAME, TOPIC) VALUES (7, 'INCEPTION', 2)
INSERT INTO TERM(ID, NAME, TOPIC) VALUES (9, 'R2D2', 3)
INSERT INTO TERM(ID, NAME, TOPIC) VALUES (8, 'DARTH VADER', 3)
INSERT INTO TERM(ID, NAME, TOPIC) VALUES (11, 'C3PO', 3)
INSERT INTO TERM(ID, NAME, TOPIC) VALUES (12, 'CHEWBACCA', 3)
INSERT INTO TERM(ID, NAME, TOPIC) VALUES (13, 'DEATHSTAR', 3)
INSERT INTO TERM(ID, NAME, TOPIC) VALUES (10, 'HAMBURGER', 4)

--Some rounds
INSERT INTO ROUND(ID, CORRECT_ANSWER, GUESSING_TEAM, GUESSING_USER, TERM_ID) VALUES (1, TRUE, 1, 5, 6)
INSERT INTO ROUND(ID, CORRECT_ANSWER, GUESSING_TEAM, GUESSING_USER, TERM_ID) VALUES (2, FALSE, 2, 8, 4)
INSERT INTO ROUND(ID, CORRECT_ANSWER, GUESSING_TEAM, GUESSING_USER, TERM_ID) VALUES (3, FALSE, 1, 6, 5)
INSERT INTO ROUND(ID, CORRECT_ANSWER, GUESSING_TEAM, GUESSING_USER, TERM_ID) VALUES (4, TRUE, 2, 9, 7)
INSERT INTO ROUND(ID, CORRECT_ANSWER, GUESSING_TEAM, GUESSING_USER, TERM_ID) VALUES (5, TRUE, 3, 6, 4)
INSERT INTO ROUND(ID, CORRECT_ANSWER, GUESSING_TEAM, GUESSING_USER, TERM_ID) VALUES (6, FALSE, 1, 5, 8)
INSERT INTO ROUND(ID, CORRECT_ANSWER, GUESSING_TEAM, GUESSING_USER, TERM_ID) VALUES (7, TRUE, 3, 10, 8)
INSERT INTO ROUND(ID, CORRECT_ANSWER, GUESSING_TEAM, GUESSING_USER, TERM_ID) VALUES (8, TRUE, 1, 7, 11)
INSERT INTO ROUND(ID, CORRECT_ANSWER, GUESSING_TEAM, GUESSING_USER, TERM_ID) VALUES (9, FALSE, 3, 6, 12)
INSERT INTO ROUND(ID, CORRECT_ANSWER, GUESSING_TEAM, GUESSING_USER, TERM_ID) VALUES (10, FALSE, 1, 5, 13)
INSERT INTO ROUND(ID, CORRECT_ANSWER, GUESSING_TEAM, GUESSING_USER, TERM_ID) VALUES (11, TRUE, 3, 10, 9)
INSERT INTO ROUND(ID, CORRECT_ANSWER, GUESSING_TEAM, GUESSING_USER, TERM_ID) VALUES (12, TRUE, 2, 8, 1)
INSERT INTO ROUND(ID, CORRECT_ANSWER, GUESSING_TEAM, GUESSING_USER, TERM_ID) VALUES (13, TRUE, 3, 6, 2)
INSERT INTO ROUND(ID, CORRECT_ANSWER, GUESSING_TEAM, GUESSING_USER, TERM_ID) VALUES (14, TRUE, 2, 9, 3)
INSERT INTO ROUND(ID, CORRECT_ANSWER, GUESSING_TEAM, GUESSING_USER, TERM_ID) VALUES (15, TRUE, 3, 10, 1)